Model,MSE,MAE,MAPE (%)
Baseline NN,0.0011450478,0.028210863,7.1679564
Simple PINN,0.0013301692,0.03040828,7.4568853
Advanced PINN,0.00067867205,0.020705136,5.5442915
